{
  "trained_at": "2025-11-24T09:17:22.103740",
  "n_samples": 16562,
  "feature_cols": [
    "MolWt",
    "LogP",
    "TPSA",
    "NumHDonors",
    "NumHAcceptors",
    "NumRotatableBonds",
    "NumAromaticRings",
    "FractionCSP3",
    "NumHeavyAtoms",
    "RingCount"
  ],
  "models": {
    "random_forest": {
      "r2": 0.4815399909599367,
      "rmse": 1.352716252034477,
      "mae": 1.0694700350988562,
      "cv_r2_mean": -13.029497205143354
    },
    "xgboost": {
      "r2": 0.5011119346760632,
      "rmse": 1.3269380069900152,
      "mae": 1.0489097147531488,
      "cv_r2_mean": -13.198096798839298
    },
    "lightgbm": {
      "r2": 0.47455034488764036,
      "rmse": 1.3618040829587506,
      "mae": 1.0785878291045552,
      "cv_r2_mean": -13.269428896641946
    }
  }
}