split_type	r2_mean	r2_std	mae_mean	mae_std
random	0.5017540003587151	0.003653708041350469	1.015649504008863	0.011886366739440012
scaffold	0.38714212050101987	0.017659997361447743	1.1407355885492974	0.02150835317030808
